Criativo,Ângulo,Headline (imagem),Subtítulo (imagem),Badge 1,Badge 2,Badge 3,Texto Primário,Headline do Anúncio,Descrição do Link,CTA,Conexão E-book,Nível Schwartz,Estágio Sofisticação,Dor ICP,Gatilhos Ícaro,Nota Média,Status
1 — Stress Test,Drawdown + alocação,"SE O BITCOIN CAÍSSE 77% AMANHÃ, QUANTO DO SEU PATRIMÔNIO VOCÊ PERDERIA?","A resposta depende de uma tabela que você nunca montou. E-book gratuito.",Stress test com dados reais,Modelo de alocação Boost,3 faixas de patrimônio,"Bitcoin já caiu 77% entre novembro de 2021 e novembro de 2022. Ethereum, 82%. Quem tinha 10% do patrimônio em cripto perdeu 8% do total. Quem tinha 50%, perdeu 38%.

A diferença entre os dois não foi sorte. Foi alocação.

André Franco, analista de criptoativos desde 2016, criou um e-book gratuito com o modelo que ele usa para definir quanto alocar em cada classe de ativo — de renda fixa a Bitcoin — com stress test para o pior cenário.

Três tabelas completas: patrimônio de R$100 mil, R$300 mil e R$1 milhão.

✔ Drawdown histórico por classe de ativo
✔ Regras de rebalanceamento com eficiência tributária
✔ Cenário de estresse simultâneo (tudo cai ao mesmo tempo)

Baixe e descubra se a sua alocação sobrevive ao próximo ciclo.

Rentabilidade passada não é garantia de resultados futuros. Investimentos em criptoativos envolvem riscos.",E-book gratuito — Portfólio Tradicional + Cripto,"André Franco. Modelo de alocação com stress test real.",Baixar,"Cap 5 p.12 (tabela de drawdown histórico) + Cap 5 p.10-11 (3 tabelas de alocação) + Cap 5 p.12 (rebalanceamento)","2 (Problem Aware)","3 (Mecanismo)","#1 não sabe realizar + #3 medo","Especificidade, Medo de perda, Coerência, Pertencimento",8.1,Aprovado — ajuste condicional aplicado
2 — Alocação Certa,Quanto alocar em cripto,"VOCÊ TEM MAIS DE R$100 MIL EM CRIPTO E NÃO SABE SE SUA ALOCAÇÃO ESTÁ CERTA?","E-book gratuito com o modelo de alocação do André Franco.",Tabela de alocação por faixa,Rebalanceamento semestral,André Franco desde 2016,"Ter cripto é uma coisa. Saber quanto ter é outra.

A maioria dos investidores com patrimônio acima de R$100 mil escolhe um percentual no instinto — 5%, 10%, ""um pouco"" — sem critério. Quando o mercado sobe, acha que devia ter mais. Quando cai, acha que devia ter menos.

Neste e-book gratuito, André Franco mostra o modelo de alocação que ele usa desde 2016. Não é opinião. É um framework com pesos por classe de ativo, perfil de risco e faixa de patrimônio.

✔ Alocação-alvo para R$100 mil, R$300 mil e R$1 milhão
✔ 7 classes de ativos com peso e instrumento sugerido
✔ Regra de rebalanceamento por banda (quando e como ajustar)

Para quem já investe e quer parar de decidir no impulso.

Investimentos em criptoativos envolvem riscos.",E-book gratuito — Modelo de Alocação Boost,"Três tabelas. Três perfis. Um método desde 2016.",Baixar,"Cap 5 inteiro (p.10-12) — 3 tabelas de alocação com valores em reais + 5 princípios do modelo + rebalanceamento por banda de 5pp","2-3 (Problem/Solution Aware)","3 (Mecanismo)","#2 sem tempo/conhecimento + #1 não sabe quanto alocar","Especificidade, Inimigo Comum, Coerência, Antecipação",—,Novo — substitui Selic
3 — Tradicional + Cripto,Correlação e diversificação,"MAIS DE R$200 MIL NO TRADICIONAL. CRIPTO FAZ SENTIDO?","E-book gratuito com dados reais, não promessas.",Correlação cripto e tradicional,Alocação por perfil de risco,Cenários com e sem cripto,"Você tem renda fixa, ações, talvez FIIs. Parece diversificado. Mas tudo está no mesmo sistema, na mesma moeda, sujeito às mesmas decisões de governo.

Bitcoin tem correlação de -0,05 com o CDI. Na prática, isso significa que quando seus títulos pós-fixados estão parados, o Bitcoin pode estar se movendo em outra direção. Essa é a base da diversificação real.

Neste e-book gratuito, André Franco mostra como adicionar cripto ao portfólio com limites de risco definidos. Sem transformar sua carteira num cassino.

✔ Tabela de correlação entre 6 classes de ativos (fonte: Bloomberg, CoinMetrics, B3)
✔ Fronteira eficiente: como cripto empurra o retorno sem aumentar risco proporcional
✔ Stress test: o que acontece se tudo cair ao mesmo tempo

Para quem tem mais de R$200 mil e quer decidir com dados.

Correlações são instáveis entre regimes de mercado. Investimentos em criptoativos envolvem riscos.",E-book gratuito — Portfólio Tradicional + Cripto,"Correlação, alocação e cenários. Por André Franco.",Baixar,"Cap 1 (armadilha da renda fixa) + Cap 2 p.4 (tabela de correlação com 6 classes) + Cap 2 p.5 (fronteira eficiente) + Cap 5 p.12 (stress test)","3 (Solution Aware)","3 (Mecanismo)","#2 sem conhecimento + perfil Borderline/ICP","Especificidade, Inimigo Comum, Coerência, Pertencimento",9.0,Aprovado — manter como está
4 — 7 Erros,Lista de erros reais,"7 ERROS QUE INVESTIDORES COM MAIS DE R$100 MIL COMETEM AO ENTRAR EM CRIPTO.","Você provavelmente já cometeu pelo menos dois. E-book gratuito.",Concentração excessiva,Custódia ignorada,Convicção não é alocação,"Erro #1: Colocar 50% do patrimônio num único criptoativo. Um drawdown de 77% significa perder 38% de tudo.

Erro #5: Ter alta convicção em Bitcoin e alocar 30%. Convicção não define peso. Volatilidade define.

Erro #3: Deixar cripto na exchange por meses. Quando a FTX quebrou em novembro de 2022, os fundos ficaram inacessíveis.

São 7 erros documentados neste e-book gratuito. André Franco, analista de criptoativos desde 2016, mapeou os mais comuns entre investidores com patrimônio relevante.

✔ Cada erro com explicação e consequência real
✔ A diferença entre alocação e convicção
✔ Regras práticas para não repetir

E-book gratuito. 20 páginas. Sem enrolação.

Investimentos em criptoativos envolvem riscos.",E-book gratuito — 7 Erros do Investidor com R$100 Mil+,"André Franco. O que não fazer ao entrar em cripto.",Baixar,"Cap 6 p.14-15 (7 erros numerados: concentração, overtrading, custódia, não entender protocolo, confundir alocação com convicção, sem plano tributário, seguir influenciadores)","2 (Problem Aware)","3 (Mecanismo via lista)","#1 não sabe vender + #6 trauma altcoin + #3 medo","Especificidade, Pertencimento, Medo de perda, Inimigo Comum",8.1,Aprovado — tom ajustado (sem ""sem método"")
5 — Pergunta Consultiva,Quanto deveria ter em cripto,"QUANTO DO SEU PATRIMÔNIO DEVERIA ESTAR EM CRIPTO?","O e-book mostra a conta. Gratuito. Por André Franco.",3 faixas de patrimônio,Modelo de alocação Boost,Consultoria independente,"Essa é a pergunta que trava a maioria dos investidores com mais de R$100 mil.

Não é falta de interesse. É falta de referência. Quanto colocar? Em quê? Como rebalancear?

André Franco, analista de criptoativos desde 2016, criou este e-book gratuito com um modelo de alocação que combina renda fixa, ações, fundos imobiliários, exposição internacional e cripto — tudo numa tabela com pesos, valores em reais e instrumentos sugeridos.

✔ Modelo para patrimônio de R$100 mil (perfil moderado)
✔ Modelo para R$300 mil (moderado-arrojado)
✔ Modelo para R$1 milhão (sofisticado)

A Boost Research é uma consultoria de investimentos em cripto, independente, não vinculada a banco ou corretora.

Investimentos em criptoativos envolvem riscos.",E-book gratuito — Alocação Tradicional + Cripto,"Tabelas por faixa de patrimônio. André Franco desde 2016.",Baixar,"Cap 1 (por que portfólio híbrido) + Cap 5 p.10 (tabela R$100k — 7 classes com pesos) + Cap 5 p.11 (tabela R$300k + tabela R$1M)","2-3 (Problem/Solution Aware)","3 (Mecanismo)","#1 não sabe quanto alocar + #2 sem conhecimento","Especificidade, Coerência, Antecipação, Pertencimento",7.5,Aprovado — humanizado (substituiu ""R$100 mil. 7 classes."")
